AUTHOR,JOURNAL,MONTH,YEAR,POEM TITLE,FILENAME,VOL,NO,NOTES
EVERETT_HERBERT,Mas,1,1911,Who Can Blame?,mas0001.txt,1,1,Added
UNTERMEYER_LOUIS,Mas,7,1912,The Parade,mas0002.txt,4,1,Added
ELDRIDGE_PAUL,Mas,7,1912,The Songs of To-Day,mas0003.txt,4,1,Added
SMITH_EDITH,Mas,7,1912,The Mills of the Rich,mas0004.txt,4,1,Added
UNTERMEYER_LOUIS,Mas,1,1912,At the Terminal,mas0005.txt,3,1,Added
BARNARD_SEYMOUR,Mas,10,1913,Woman's Place - A Nursery Rhyme,mas0006.txt,5,1,Added
BYNNER_WITTER,Mas,10,1913,Hobbledehoy,mas0007.txt,5,1,Added
FIELD_MARY,Mas,10,1913,A Scrub,mas0008.txt,5,1,Added
BENET_WILLIAM,Mas,10,1913,The Laughing Woman,mas0009.txt,5,1,Added
GIBSON_LYDIA,Mas,10,1913,Lies,mas0010.txt,5,1,Added
LOVELY_CHRIS,Mas,10,1913,The Laureate,mas0011.txt,5,1,Added
HERFORD_WILL,Mas,10,1913,Eighth Heaven,mas0012.txt,5,1,Added
McKENNA_EDMOND,Mas,10,1914,Prelude,mas0013.txt,6,1,Added
BULL_NINA,Mas,10,1914,Miracle,mas0014.txt,6,1,Added
DAVIES_MARY,Mas,10,1914,Custom,mas0015.txt,6,1,Added
M_M,Mas,10,1914,The Public School Teacher,mas0016.txt,6,1,Added
MILLER_ALICE,Mas,11,1915,To Everett P. Wheeler,mas0017.txt,7,1,Added
UNTERMEYER_LOUIS,Mas,11,1915,Portrait of a Group,mas0018.txt,7,1,Added
BRUBAKER_HOWARD,Mas,11,1915,A Keen Observer Visits London,mas0019.txt,7,1,Added
BRUBAKER_HOWARD,Mas,11,1915,A Nursery Rhyme,mas0020.txt,7,1,Added
BRUBAKER_HOWARD,Mas,11,1915,Cinderalla's Big Idea,mas0021.txt,7,1,Added
BRUBAKER_HOWARD,Mas,11,1915,Germany Puts Into Practice Her New Naval Policy,mas0022.txt,7,1,Added
BRUBAKER_HOWARD,Mas,11,1915,Italy Finds a Solution of the Over-Population Problem,mas0023.txt,7,1,Added
BRUBAKER_HOWARD,Mas,11,1915,A Noticeable Lack of Harmony,mas0024.txt,7,1,Added
BRUBAKER_HOWARD,Mas,11,1915,George Explains His Misunderstanding with William,mas0025.txt,7,1,Added
BRUBAKER_HOWARD,Mas,11,1915,The Unfortunate Finish of a Celebrated Boob,mas0026.txt,7,1,Added
UNTERMEYER_JEAN,Mas,11,1915,Deliverance,mas0027.txt,7,1,Added
VACHEL_LINDSAY,Mas,11,1915,Mice,mas0028.txt,7,1,Added
WILKINSON_MARGUERITE,Mas,11,1915,Woman Returning,mas0029.txt,7,1,Added
MATSON_NORMAN,Mas,11,1916,Appeal,mas0030.txt,9,1,Added
McMAHON_JOHN,Mas,8,1912,Taking Off the Bandage,mas0031.txt,4,2,Added
WEEKS_RUFUS,Mas,2,1912,The New America,mas0032.txt,3,2,Added
OSHEEL_TOD,Mas,11,1913,Royalty,mas0033.txt,5,2,Added
LAWSON_W,Mas,11,1913,The Ancient and Honorable Offertory,mas0034.txt,5,2,Added
ANONYMOUS,Mas,11,1913,"Lines to a Pomeranian Puppy Valued at $3,500",mas0035.txt,5,2,Added - No Author
STOKES_ROSE,Mas,11,1913,Paterson,mas0036.txt,5,2,Added
SMITH_G,Mas,11,1913,A weary burden ponderously borneÅEc,mas0037.txt,5,2,Added
KEMP_HARRY,Mas,11,1913,To Kipling,mas0038.txt,5,2,Added
ANONYMOUS,Mas,11,1913,Philosophy,mas0039.txt,5,2,Added - No Author
WOOD_CLEMENT,Mas,11,1914,A Breath of Life,mas0040.txt,6,2,Added
UNTERMEYER_LOUIS,Mas,11,1914,The Old Deserter,mas0041.txt,6,2,Added
BEACH_JOSEPH,Mas,11,1914,Old Glory at Calumet: A Copper-Country Ballad,mas0042.txt,6,2,Added
WADDELL_ELIZABETH,Mas,11,1914,Them and Their Wives,mas0043.txt,6,2,Added
HOPKINS_GERTRUDE,Mas,11,1914,Death Masks,mas0044.txt,6,2,Added
WIDDEMER_MARGARET,Mas,11,1914,God and the Strong Ones,mas0045.txt,6,2,Added
HOYT_HELEN,Mas,12,1915,The Lover Sings Sings of a Garden,mas0046.txt,8,2,Added
SHANAFELT_CLARA,Mas,12,1915,Interlude,mas0047.txt,8,2,Added
SHANAFELT_CLARA,Mas,12,1915,Self Portrait,mas0048.txt,8,2,Added
SHANAFELT_CLARA,Mas,12,1915,To Virtuous Critics,mas0049.txt,8,2,Added
EASTMAN_MAX,Mas,12,1915,Sketch,mas0050.txt,8,2,Added
GIBSON_LYDIA,Mas,12,1915,Autumn Song,mas0051.txt,8,2,Added
GIBSON_LYDIA,Mas,12,1915,Downward,mas0052.txt,8,2,Added
BURNET_DANA,Mas,12,1915,The Mouse,mas0053.txt,8,2,Added
MOWRER_PAUL,Mas,12,1915,Tricolor,mas0054.txt,8,2,Added
RICHMOND_SUSAN,Mas,12,1915,The Shadow-Child,mas0055.txt,8,2,Added
MacMILLAN_MARY,Mas,12,1915,The Little Creatures,mas0056.txt,8,2,Added
HOPPER_ANNA,Mas,12,1915,Window Shopping,mas0057.txt,8,2,Added
EASTMAN_MAX,Mas,12,1915,To Wat Tyler - A Ballad,mas0058.txt,8,2,Added
ANONYMOUS,Mas,12,1915,An Ode to Himself by Himself,mas0059.txt,8,2,Added - No Author
WILCHINSKY_MARTHA,Mas,12,1916, Bereft,mas0060.txt,9,2,
WILCHINSKY_MARTHA,Mas,12,1916, Rain in the city,mas0061.txt,9,2,
FICKE_ARTHUR,Mas,12,1916,Tables,mas0062.txt,9,2,
EASTMAN_MAX,Mas,12,1916,Europe,mas0063.txt,9,2,
SANDBURG_CARL,Mas,12,1916,"""Chick Lorimer""",mas0064.txt,9,2,Added
KAUFFMAN_REGINALD,Mas,3,1911,Garotte,mas0065.txt,1,3,Added
UNTERMEYER_LOUIS,Mas,12,1912,The Poetry of Earth,mas0066.txt,4,3,Added
EASTMAN_MAX,Mas,12,1912,At the Aquarium,mas0067.txt,4,3,Added
CLEGHORN_SARAH,Mas,12,1913,The Mother Follows,mas0068.txt,5,3,Added
WOOD_CLEMENT,Mas,12,1913,Exit Salvatore,mas0069.txt,5,3,Added
EASTMAN_MAX,Mas,12,1913,To the Flowers at Church,mas0070.txt,5,3,Added
WADDELL_ELIZABETH,Mas,12,1913,The Sword of Flame,mas0071.txt,5,3,Added
DAVIES_MARY,Mas,12,1914,Necessity,mas0072.txt,6,3,Added
UNTERMEYER_LOUIS,Mas,12,1914,"""Wake, God, and Arm""",mas0073.txt,6,3,Added
BRANDEIS_JULIAN,Mas,12,1914,The Fields of France,mas0074.txt,6,3,Added
REYNOLDS_LUCY,Mas,12,1914,The Old Mother's Death,mas0075.txt,6,3,Added
REYNOLDS_LUCY,Mas,12,1914,A Good Man,mas0076.txt,6,3,Added
REYNOLDS_LUCY,Mas,12,1914,"Oh, That's Different!",mas0077.txt,6,3,Added
WOOD_CHARLES,Mas,12,1914,King of the Magical Pump,mas0078.txt,6,3,Added
KEMP_HARRY,Mas,1,1916,The Neutral,mas0079.txt,8,3,Added
GLASPELL_SUSAN,Mas,1,1916,"Joe (Joseph O'Brien, died Oct. 27, 1915)",mas0080.txt,8,3,
WILLIAMS,Mas,1,1916,A Ballad,mas0081.txt,8,3,Added
UNTERMEYER_JEAN,Mas,1,1916,High tide,mas0082.txt,8,3,
UNTERMEYER_JEAN,Mas,1,1916,The One wish,mas0083.txt,8,3,
UNTERMEYER_JEAN,Mas,1,1916,A Teacher,mas0084.txt,8,3,
BENET_WILLIAM,Mas,1,1916,Revolution,mas0085.txt,8,3,Added
BRASTOW_VIRGINIA,Mas,1,1917, A House with green blinds,mas0086.txt,9,3,
UNTERMEYER_LOUIS,Mas,1,1917,Portrait of a patriot,mas0087.txt,9,3,
APOTHEKER_NAN,Mas,1,1917,Morning-after thought,mas0088.txt,9,3,
WOOD_CLEMENT,Mas,1,1917,Silence,mas0089.txt,9,3,
BULL_NINA,Mas,1,1917,Shells,mas0090.txt,9,3,
GIBSON_LYDIA,Mas,1,1917, By a stream,mas0091.txt,9,3,
GIBSON_LYDIA,Mas,1,1917, The Swimmerss song,mas0092.txt,9,3,
TWITCHELL_ANNA,Mas,1,1917,Bereft,mas0093.txt,9,3,Added
SINCLAIR_UPTON,Mas,1,1917,Reflections of a Strong Man,mas0094.txt,9,3,Added
FAWCETT_JAMES,Mas,1,1917,Well! Well!,mas0095.txt,9,3,
WILLIAMS_WILLIAM,Mas,1,1917,Sick African,mas0096.txt,9,3,
WILLIAMS_WILLIAM,Mas,1,1917,Chinese nightingale,mas0097.txt,9,3,
SMITH_HARRY,Mas,1,1917,Contacts,mas0098.txt,9,3,
BRYANT_LOUISE,Mas,1,1917,Lost music,mas0099.txt,9,3,
SMITH_J,Mas,1,1917,Curse and be merry,mas0100.txt,9,3,
BARNARD_SEYMOUR,Mas,1,1917,To a girl on a magazine cover,mas0101.txt,9,3,
UPDEGRAFF_ALLAN,Mas,4,1911,The Tryst,mas0102.txt,1,4,Added
UNTERMEYER_LOUIS,Mas,4,1912,Songs of Protest,mas0103.txt,3,4,Added
FIELD_MARY,Mas,1,1913,Names,mas0104.txt,4,4,Added
GIOVANNITTI_ARTURO,Mas,1,1913,The Bum,mas0105.txt,4,4,Added
UNTERMEYER_LOUIS,Mas,1,1914,Battle Hymn,mas0106.txt,5,4,Added
KEMP_HARRY,Mas,1,1914,From Harry in England,mas0107.txt,5,4,Added
CLEGHORN_SARAH,Mas,1,1914,The Masquerader,mas0108.txt,5,4,Added
BARRETT_WILTON,Mas,1,1914,The Trappers,mas0109.txt,5,4,Added
LITTELL_PHILIP,Mas,1,1915, Not a sparrow falleth,mas0110.txt,6,4,
McKENNA_EDMOND,Mas,1,1915,War changes,mas0111.txt,6,4,
UNTERMEYER_LOUIS,Mas,1,1915,To a war poet,mas0112.txt,6,4,
KEMP_HARRY,Mas,2,1916,Zenobia,mas0113.txt,8,4,
DEFORD_MIRIAM,Mas,2,1916,The Singing Mouth,mas0114.txt,8,4,
ROGERS_ROBERT,Mas,2,1916, The Pendulum,mas0115.txt,8,4,
HERFORD_WILL,Mas,2,1916, That God made,mas0116.txt,8,4,
WADDELL_ELIZABETH,Mas,2,1916,The Job,mas0117.txt,8,4,
UNDERHILL_EVELYN,Mas,2,1916, Introversion,mas0118.txt,8,4,
ENDICOFF_MAX,Mas,2,1917,The Fixture,mas0119.txt,9,4,
ENDICOFF_MAX,Mas,2,1917, The Chief librarian,mas0120.txt,9,4,
ENDICOFF_MAX,Mas,2,1917,The Newcomer,mas0121.txt,9,4,
ENDICOFF_MAX,Mas,2,1917,The Retired acrobat,mas0122.txt,9,4,
GAY_DOROTHEA,Mas,2,1917,Estrangement,mas0123.txt,9,4,
AMIDON_BEULAH,Mas,2,1917, The Dead,mas0124.txt,9,4,
DELL_FLOYD,Mas,2,1917,Summer,mas0125.txt,9,4,
SCHUYLER_MARGARETTA,Mas,2,1917, In the corner by the wall,mas0126.txt,9,4,
APOTHEKER_NAN,Mas,2,1917,Bohemia - From Another Angle,mas0127.txt,9,4,Added
HEFFERAN_T,Mas,2,1917,On the Rialto: Chicago,mas0128.txt,9,4,Added
GAY_DOROTHEA,Mas,2,1917,The Moon Above Broadway,mas0129.txt,9,4,Added
WHITSETT_GEORGE,Mas,2,1917,Ebony,mas0130.txt,9,4,Added
BURR_JANE,Mas,2,1917,The Animal Store,mas0131.txt,9,4,Added
ANONYMOUS,Mas,2,1917,Submarine,mas0132.txt,9,4,Added - No Author
BRADLEY_M,Mas,5,1912,The Strikers,mas0133.txt,3,5,Added
KAUFFMAN_RUTH,Mas,5,1912,Business,mas0134.txt,3,5,Added
EASTMAN_MAX,Mas,2,1913,Conventional Life,mas0135.txt,4,5,Added
KEMP_HARRY,Mas,2,1914,The Champion,mas0136.txt,5,5,Added
SPINGARN_JOEL,Mas,2,1914,Heloise sans Abelard,mas0137.txt,5,5,Added
McKENNA_EDMOND,Mas,2,1914,Lost Leaders,mas0138.txt,5,5,Added
KIRCHWAY_FREDA,Mas,2,1915, To a soap-box orator,mas0139.txt,6,5,
BROWN_ROBERT,Mas,2,1915,You turned,mas0140.txt,6,5,
RETHY_JOSEPH,Mas,2,1915,To an old man,mas0141.txt,6,5,
DAVIES_MARY,Mas,2,1915, Reminiscences,mas0142.txt,6,5,
BURNET_DANA,Mas,2,1915,Sisters of the cross of shame,mas0143.txt,6,5,
WADDELL_ELIZABETH,Mas,2,1915,Top o the pot,mas0144.txt,6,5,
SANDBURG_CARL,Mas,2,1915,Buttons,mas0145.txt,6,5,
McKENNA_EDMOND,Mas,2,1915,To the suicides,mas0146.txt,6,5,
WOOD_CHARLES,Mas,2,1915,Venus and Mars,mas0147.txt,6,5,
AMID_JOHN,Mas,2,1915,The Tail of the world,mas0148.txt,6,5,
UNTERMEYER_LOUIS,Mas,2,1915,Portrait of Supreme Court Justice,mas0149.txt,6,5,Added
KAUFFMAN_REGINALD,Mas,2,1915,Prometheus,mas0150.txt,6,5,
EASTMAN_MAX,Mas,3,1916,Coming to port,mas0151.txt,8,5,
GRUENING_MARTHA,Mas,3,1916, Prepared,mas0152.txt,8,5,
UNTERMEYER_JEAN,Mas,3,1916,Tolerance and truth,mas0153.txt,8,5,
BYNNER_WITTER,Mas,3,1916, To one without work,mas0154.txt,8,5,
FULLER_WALTER,Mas,3,1916,The Cherry Tree,mas0155.txt,8,5,Added
SEXTON_BERNARD,Mas,3,1916,A Rhyme for the swine,mas0156.txt,8,5,
KEMP_HARRY,Mas,3,1916,Resurrection,mas0157.txt,8,5,
GIBSON_LYDIA,Mas,3,1916, The Young Girl with the red hair,mas0158.txt,8,5,
GINSBERG_LOUIS,Mas,3,1916, Saturday night,mas0159.txt,8,5,
MATSON_NORMAN,Mas,3,1917, Propaganditti,mas0160.txt,9,5,
ANONYMOUS,Mas,3,1917,To My Husband,mas0161.txt,9,5,Added - No Author
MASTIN_FLORENCE,Mas,3,1917,A Manhattan yard,mas0162.txt,9,5,
STEARNS_HAROLD,Mas,3,1917,In a hospital,mas0163.txt,9,5,
SEIFFERT_MARJORIE,Mas,3,1917,Singalese love songs,mas0164.txt,9,5,
KIRKLAND_JEANNE,Mas,3,1917, Good bye,mas0165.txt,9,5,
BURR_JANE,Mas,3,1917, Incredibles,mas0166.txt,9,5,
DAVIES_MARY,Mas,3,1917, To an artist on his birthday,mas0167.txt,9,5,
DAVID_ROSS,Mas,3,1917, Apples,mas0168.txt,9,5,
BRADLEY_MARY,Mas,3,1917, A Stranger in the city,mas0169.txt,9,5,
MEDUSENHAUPT,Mas,3,1917,Jealousy,mas0170.txt,9,5,
THOMAS_ELIZABETH,Mas,3,1917,Lullaby,mas0171.txt,9,5,
THOMAS_ELIZABETH,Mas,3,1917,Monochrome,mas0172.txt,9,5,
THOMAS_ELIZABETH,Mas,3,1917,Old woman,mas0173.txt,9,5,
SMITH_HARRY,Mas,3,1917, Monopoly,mas0174.txt,9,5,
HAUGHAWOUT_MARGARET,Mas,3,1917, Wyrd,mas0175.txt,9,5,
CARREL_MORTON,Mas,3,1917, Protest,mas0176.txt,9,5,
WENCLAW_RUZA,Mas,3,1917,The New freedom for women,mas0177.txt,9,5,
SEIFFERT_MARJORIE,Mas,3,1917,Possession,mas0178.txt,9,5,
STEVENS_JAMES,Mas,3,1917, The Dance,mas0179.txt,9,5,
BENET_WILLIAM,Mas,3,1917,Suffering Poland,mas0180.txt,9,5,
SMITH_HARRY,Mas,3,1917,Time-clock,mas0181.txt,9,5,
CURRY_ROUTLEDGE,Mas,3,1917, En route,mas0182.txt,9,5,
TOBEY_BERKELEY,Mas,3,1917,The Monkey,mas0183.txt,9,5,
TOBEY_BERKELEY,Mas,3,1917, The Cripple,mas0184.txt,9,5,
WADDELL_ELIZABETH,Mas,3,1917,What of the night,mas0185.txt,9,5,
WINSLOW_HORATIO,Mas,6,1911,The Ferry People,mas0186.txt,1,6,Added
JONES_ELLIS,Mas,3,1913,Casabianca,mas0187.txt,4,6,Added
McCOY_SAMUEL,Mas,3,1913,Bugle Song,mas0188.txt,4,6,Added
BENET_LAURA,Mas,3,1914,Gardens of Babylon,mas0189.txt,5,6,Added
BENET_WILLIAM,Mas,3,1914,The Snob,mas0190.txt,5,6,Added
HERFORD_WILL,Mas,3,1914,Onward Christian Nations,mas0191.txt,5,6,Added
GIBSON_LYDIA,Mas,3,1915, Esoeris,mas0192.txt,6,6,
GIBSON_LYDIA,Mas,3,1915, Artemis,mas0193.txt,6,6,
DAVIES_MARY,Mas,4,1916,   To the women of England,mas0194.txt,8,6,
UNTERMEYER_LOUIS,Mas,4,1916,To a weeping willow,mas0195.txt,8,6,
YOUNG_ANNE,Mas,4,1916, The Name,mas0196.txt,8,6,
BARRETT_WILTON,Mas,4,1916,The Wash,mas0197.txt,8,6,
WOOD_CLEMENT,Mas,4,1916,Woolworth Cathedral,mas0198.txt,8,6,
LOWELL_AMY,Mas,4,1916,The Poem,mas0199.txt,8,6,
ALDIS_MARY,Mas,4,1916, The Barber shop,mas0200.txt,8,6,
BURR_JANE,Mas,4,1916,Nigger Tilly,mas0201.txt,8,6,
HILLYER_ROBERT,Mas,4,1917,To Congress concerning the bill for universal military service,mas0202.txt,9,6,
UNTERMEYER_LOUIS,Mas,4,1917,Wind and flame,mas0203.txt,9,6,
EASTMAN_MAX,Mas,4,1917,Hours,mas0204.txt,9,6,
WENCLAW_RUZA,Mas,4,1917,Mountains,mas0205.txt,9,6,
JENNINGS_LESLIE,Mas,4,1917,Black magic,mas0206.txt,9,6,
BRYANT_LOUISE,Mas,4,1917,Sensations,mas0207.txt,9,6,
WHITAKER_JANE,Mas,4,1917,Irony,mas0208.txt,9,6,Added
ARNOLD_ANNE,Mas,4,1917,Courage,mas0209.txt,9,6,
REICH_HARRY,Mas,4,1917, Prelude,mas0210.txt,9,6,
GAY_DOROTHEA,Mas,4,1917,Wind-cry,mas0211.txt,9,6,Reprinted in 9.9
ROSENTHAL_DAVID,Mas,4,1917, Paliacco,mas0212.txt,9,6,
FOX_ELIZABETH,Mas,4,1917, Birth,mas0213.txt,9,6,
WENCLAW_RUZA,Mas,4,1917,The Orator,mas0214.txt,9,6,
TYMPANUS,Mas,4,1917,An Episode in life,mas0215.txt,9,6,
WENCLAW_RUZA,Mas,4,1917, Children playing,mas0216.txt,9,6,
BULL_NINA,Mas,4,1917, Advent,mas0217.txt,9,6,
CARR_MRS,Mas,4,1917, Cost,mas0218.txt,9,6,
WINSLOW_HORATIO,Mas,7,1911,The Conquerors,mas0219.txt,1,7,Added
UNTERMEYER_LOUIS,Mas,7,1911,The Song of the Street,mas0220.txt,1,7,Added
GOLDBERG_ISAAC,Mas,7,1911,Sic Vos Non Vobis,mas0221.txt,1,7,Added
WINSLOW_HORATIO,Mas,4,1913,Prayer at the End of the Day's Work,mas0222.txt,4,7,Added
UNTERMEYER_LOUIS,Mas,4,1913,Sunday,mas0223.txt,4,7,Added
BENET_WILLIAM,Mas,4,1914,Poor Girl,mas0224.txt,5,7,Added
McKENNA_EDMOND,Mas,4,1914,Another Poem,mas0225.txt,5,7,Added
CLEGHORN_SARAH,Mas,4,1914,Comrade Jesus,mas0226.txt,5,7,Added
ANONYMOUS,Mas,4,1914,The Kanawha Striker,mas0227.txt,5,7,Added - No Author
KEMP_HARRY,Mas,4,1915,Travel,mas0228.txt,6,7,
EASTMAN_MAX,Mas,4,1915,Invocation,mas0229.txt,6,7,
WOOD_CLEMENT,Mas,4,1915,A Prayer,mas0230.txt,6,7,
WOOD_CLEMENT,Mas,4,1915,The Golden miracle,mas0231.txt,6,7,
BYNNER_WITTER,Mas,4,1915,"Gentlemen, the King!",mas0232.txt,6,7,
RAPER_FREDERIC,Mas,4,1915,Billy Sunday,mas0233.txt,6,7,Added
CLEGHORN_SARAH,Mas,4,1915,The Incentive,mas0234.txt,6,7,
McKENNA_EDMOND,Mas,4,1915,After the strike,mas0235.txt,6,7,
DAVIES_MARY,Mas,4,1915,Q.E.D.,mas0236.txt,6,7,
WADDELL_ELIZABETH,Mas,4,1915, The Dear little bullet,mas0237.txt,6,7,
ROBERTS_WALTER,Mas,5,1916,The Woman rebel (to Margaret Sanger),mas0238.txt,8,7,
SHERMAN_ISAAC,Mas,5,1916, Pursery Rhyme,mas0239.txt,8,7,
REED_JOHN,Mas,5,1916,Love at sea,mas0240.txt,8,7,
CHEYNEY_RALPH,Mas,5,1916,"I, a Minor Poet",mas0241.txt,8,7,
INGERSOLL_EDWARD,Mas,5,1916, Manhattan,mas0242.txt,8,7,
GRANICH_IRVIN,Mas,5,1916,MacDougall Street,mas0243.txt,8,7,
BARRETT_WILTON,Mas,5,1916,John Cook,mas0244.txt,8,7,
WADDELL_ELIZABETH,Mas,5,1916,Definitions,mas0245.txt,8,7,Added
BARRINGTON_PAULINE,Mas,5,1916,Toy guns,mas0246.txt,8,7,
MASTIN_FLORENCE,Mas,5,1916,In the subway,mas0247.txt,8,7,Reprinted in 8.10
UNTERMEYER_LOUIS,Mas,5,1916,Truce,mas0248.txt,8,7,
ASHFIELD_FRED,Mas,5,1916, The Father,mas0249.txt,8,7,
I_R,Mas,5,1916, Wanted,mas0250.txt,8,7,
MILLER_FULLER,Mas,5,1916, This is the Sin,mas0251.txt,8,7,
MASTIN_FLORENCE,Mas,5,1917,The Teacher speaks,mas0252.txt,9,7,
BRACKETT_CHARLES,Mas,5,1917,In winter,mas0253.txt,9,7,
BRACKETT_CHARLES,Mas,5,1917,A Threnody,mas0254.txt,9,7,
WILKINSON_MARGUERITE,Mas,5,1917,The Food riots,mas0255.txt,9,7,
HETZEL_MARGARET,Mas,5,1917,When I have tea,mas0256.txt,9,7,
BULL_NINA,Mas,5,1917,Ritual,mas0257.txt,9,7,
C_P,Mas,5,1917,The Bath,mas0258.txt,9,7,
LACKEY_ALEXANDER,Mas,5,1917, Sonnet,mas0259.txt,9,7,
CURRY_ROUTLEDGE,Mas,5,1917,Lifes mysteries,mas0260.txt,9,7,
FOX_LILLIAN,Mas,5,1917,Peace,mas0261.txt,9,7,
SMITH_HARRY_DUGDALE,Mas,5,1917,Her Breasts,mas0262.txt,9,7,
PATTON_MIRIAM,Mas,5,1917, The Clock,mas0263.txt,9,7,
CURRY_ROUTLEDGE,Mas,5,1917,I wanted,mas0264.txt,9,7,
RIVOLA_FLORA,Mas,5,1917,The Mother,mas0265.txt,9,7,Added
FAWCETT_JAMES,Mas,5,1917,To Fritz Kreisler,mas0266.txt,9,7,Added
GIBSON_LYDIA,Mas,5,1917,Children Playing,mas0267.txt,9,7,Added
ALEXANDER_HALL,Mas,5,1917,Looking toward OConnell bridge,mas0268.txt,9,7,Added
ALEXANDER_HALL,Mas,5,1917,Thoroughly pagan,mas0269.txt,9,7,Added
ALEXANDER_HALL,Mas,5,1917,I Cursed a Woman,mas0270.txt,9,7,Added
CARREL_MORTON,Mas,5,1917,Reverie over a Demi-tasse,mas0271.txt,9,7,Added
SMITH_HARRY_DUGDALE,Mas,5,1917,Smouldering Volcanoes,mas0272.txt,9,7,Added
WINSLOW_HORATIO,Mas,8,1911,The Second Coming,mas0273.txt,1,8,Added
KEMP_HARRY,Mas,5,1913,To Shelley,mas0274.txt,4,8,Added
McKENNA_EDMOND,Mas,5,1914,Peter Pan Obit,mas0275.txt,5,8,Added
GIBSON_LYDIA,Mas,5,1914,Children of Kings,mas0276.txt,5,8,Added
GIBSON_LYDIA,Mas,5,1914,Grey,mas0277.txt,5,8,Added
GIBSON_LYDIA,Mas,5,1914,Lost Treasure,mas0278.txt,5,8,Added
GIBSON_LYDIA,Mas,5,1914,Yellow,mas0279.txt,5,8,Added
GIBSON_LYDIA,Mas,5,1914,Aeolian,mas0280.txt,5,8,Added
GIBSON_LYDIA,Mas,5,1914,The Mother,mas0281.txt,5,8,Added
GIBSON_LYDIA,Mas,5,1914,April Scent,mas0282.txt,5,8,Added
GIBSON_LYDIA,Mas,5,1914,The Child Speaks,mas0283.txt,5,8,Added
UNTERMEYER_LOUIS,Mas,5,1914,Cell-Mates,mas0284.txt,5,8,Added
SANDBURG_CARL,Mas,5,1915,Murmurings on a field hospital,mas0285.txt,6,8,
FRANK_FLORENCE,Mas,5,1915,Where sympathy pays,mas0286.txt,6,8,
UNTERMEYER_LOUIS,Mas,5,1915,Almost,mas0287.txt,6,8,
WOOD_CHARLES,Mas,5,1915,To Our St. Anthony,mas0288.txt,6,8,Added
WOOD_CLEMENT,Mas,5,1915,Spring,mas0289.txt,6,8,
FLEXNER_HORTENSE,Mas,5,1915,The Winds of spring,mas0290.txt,6,8,
McCOY_SAMUEL,Mas,6,1916,Independence Hall,mas0291.txt,8,8,
KEMP_HARRY,Mas,6,1916,The Stormy star,mas0292.txt,8,8,
CLEGHORN_SARAH,Mas,6,1916, And Thou too America,mas0293.txt,8,8,
UNTERMEYER_JEAN,Mas,6,1916,Birth,mas0294.txt,8,8,
WOOD_CHARLES,Mas,6,1916,A Song of beauty,mas0295.txt,8,8,
LONG_HANIEL,Mas,6,1916,Vacation protest,mas0296.txt,8,8,
MORRIS_JEAN,Mas,6,1916, In heaven,mas0297.txt,8,8,
JENNINGS_LESLIE,Mas,6,1916,Roofs,mas0298.txt,8,8,
PATTON_MARGARET,Mas,6,1916,The Sound of the needles,mas0299.txt,8,8,
HANBURY_PATRICK,Mas,6,1916, The Humorist,mas0300.txt,8,8,
FIELD_MARY,Mas,6,1916, Justice,mas0301.txt,8,8,
WADDELL_ELIZABETH,Mas,6,1916,Incarcerated,mas0302.txt,8,8,
FREYTAG_BARONESS,Mas,6,1916,The Conqueror,mas0303.txt,8,8,
MASTIN_FLORENCE,Mas,6,1916,The Dream,mas0304.txt,8,8,
LOWELL_AMY,Mas,6,1916,The Grocery,mas0305.txt,8,8,
MacMILLAN_MARY,Mas,6,1916,Truth,mas0306.txt,8,8,
MASTIN_FLORENCE,Mas,6,1917,April night,mas0307.txt,9,8,
BELL_JOSEPHINE,Mas,6,1917, The Happy rain,mas0308.txt,9,8,
MAYSI_KADRA,Mas,6,1917,Gypsy song,mas0309.txt,9,8,
ARNOLD_ANNE,Mas,6,1917,I know,mas0310.txt,9,8,
BOWMAN_BETTY,Mas,6,1917,Transition,mas0311.txt,9,8,
BELL_JOSEPHINE,Mas,6,1917,Mighty fires,mas0312.txt,9,8,
FELSHIN_S,Mas,6,1917, A Japanese print,mas0313.txt,9,8,
ZARD_CLAIRE,Mas,6,1917,A Question,mas0314.txt,9,8,
WHITFORD_ROBERT,Mas,6,1917,Hostilities,mas0315.txt,9,8,
ANDERSON_FRANCES,Mas,6,1917, The Kite,mas0316.txt,9,8,
DEUTSCH_BABETTE,Mas,6,1917,Ironic,mas0317.txt,9,8,
SCHUYLER_MARGARETTA,Mas,6,1917,The Little ugly duckling,mas0318.txt,9,8,
WHITFORD_ROBERT,Mas,6,1917,The Ukelele,mas0319.txt,9,8,
BOWMAN_BETTY,Mas,6,1917, A Portrait,mas0320.txt,9,8,
WENCLAW_RUZA,Mas,6,1917,Regret,mas0321.txt,9,8,
TWITCHELL_ANNE,Mas,6,1917,Spring,mas0322.txt,9,8,
ANONYMOUS,Mas,6,1913,When the Leaves Come Out,mas0323.txt,4,9,Added - No Author
BUCK_GERTRUDE,Mas,6,1913,Anti-Suffrage Sentiments,mas0324.txt,4,9,Added
KEMP_HARRY,Mas,6,1913,Thank God!,mas0325.txt,4,9,Added
ANONYMOUS,Mas,6,1913,June Morning,mas0326.txt,4,9,Added - No Author
BURGESS_GELETT,Mas,6,1913,Darkness Before Dawn,mas0327.txt,4,9,Added
LEVICK_M,Mas,6,1914,Ludlow,mas0328.txt,5,9,Added
UNTERMEYER_LOUIS,Mas,6,1914,A Customer,mas0329.txt,5,9,Added
STOKES_ROSE,Mas,6,1914,A Waiter,mas0330.txt,5,9,Added
LAMPAN_REX,Mas,6,1914,Social Progress,mas0331.txt,5,9,Added
WOOD_CLEMENT,Mas,6,1914,Clement Wood,mas0332.txt,5,9,Added
ENDICOFF_MAX,Mas,6,1914,I Cry for War,mas0333.txt,5,9,Added
WOOD_CLEMENT,Mas,6,1914,A Psalm Not of David,mas0334.txt,5,9,Added
McKENNA_EDMOND,Mas,6,1914,A Question,mas0335.txt,5,9,Added
HOLLEY_HORACE,Mas,6,1914,Anarch,mas0336.txt,5,9,Added
SANDBURG_CARL,Mas,6,1915,Graves,mas0337.txt,6,9,
UNTERMEYER_LOUIS,Mas,6,1915,The Laughers,mas0338.txt,6,9,
FRANK_FLORENCE,Mas,6,1915,  The L express,mas0339.txt,6,9,
SPINGARN_JOEL,Mas,6,1915, The Three dreams,mas0340.txt,6,9,
ANONYMOUS,Mas,6,1915,Evolution,mas0341.txt,6,9,Added - No Author
BROWN_ROBERT,Mas,6,1915,A Thing need be high-soundÅEc,mas0342.txt,6,9,
BROWN_ROBERT,Mas,6,1915,"Dumb, but Well-Dressed",mas0343.txt,6,9,Added
BROWN_ROBERT,Mas,6,1915,Illumination,mas0344.txt,6,9,Added
BROWN_ROBERT,Mas,6,1915,I am hungryÅEc,mas0345.txt,6,9,
BROWN_ROBERT,Mas,6,1915, Cob-webs,mas0346.txt,6,9,
SANDBURG_CARL,Mas,6,1915,Choices,mas0347.txt,6,9,
EASTMAN_MAX,Mas,6,1915,To a mad dog,mas0348.txt,6,9,
GIBSON_LYDIA,Mas,6,1915, City dawn,mas0349.txt,6,9,
BERNARD_SEYMOUR,Mas,7,1916, The Boy who refused to go to church,mas0350.txt,8,9,
BRYANT_LOUISE,Mas,7,1916,From the tower,mas0351.txt,8,9,
HOYT_HELEN,Mas,7,1916,The Unchanging,mas0351.txt,8,9,
GIBSON_LYDIA,Mas,7,1916, Solace,mas0353.txt,8,9,
WINSLOW_ROSE,Mas,7,1916,Geraniums,mas0354.txt,8,9,
BUHLER_M,Mas,7,1916,The Inscrutable gods,mas0355.txt,8,9,
DAVIES_MARY,Mas,7,1916,The Dream bearer,mas0356.txt,8,9,
WOOD_CHARLES,Mas,7,1916,Modern Love Letter,mas0357.txt,8,9,Added
KEMP_HARRY,Mas,7,1916,Rebellion,mas0358.txt,8,9,
DAVIES_MARY,Mas,7,1916,College,mas0359.txt,8,9,
ANONYMOUS,Mas,7,1916,A Peace Song of the British Soldiers,mas0360.txt,8,9,Added
UNTERMEYER_LOUIS,Mas,7,1917,In a minor key,mas0361.txt,9,9,
BRYANT_LOUISE,Mas,7,1917,Dark eyes,mas0362.txt,9,9,
MIXTER_FLORENCE,Mas,7,1917,Elegy,mas0363.txt,9,9,
MASTIN_FLORENCE,Mas,7,1917,The Old-fashioned garden,mas0364.txt,9,9,
HETZEL_MARGARET,Mas,7,1917, Aprilles love song,mas0365.txt,9,9,
FITCH_RUTH,Mas,7,1917, Chinese music,mas0366.txt,9,9,
MASTIN_FLORENCE,Mas,7,1917,Dryad,mas0367.txt,9,9,
WEAVER_DAN,Mas,7,1917, An east-side sweat-bath,mas0368.txt,9,9,
R_M,Mas,7,1917,Quiet,mas0369.txt,9,9,
BELL_JOSEPHINE,Mas,7,1917,Weariness,mas0370.txt,9,9,
TRUE_RUTH,Mas,7,1917, Finis,mas0371.txt,9,9,
ARENS_EGMONT,Mas,7,1917, In Petrograd,mas0372.txt,9,9,
DAY_DOROTHY,Mas,7,1917, Mulberry Street,mas0373.txt,9,9,
HERENDEEN_ANNE,Mas,7,1917,I am always trying to find out about things,mas0374.txt,9,9,
HOLBROOK_H,Mas,7,1917,Conquest,mas0375.txt,9,9,
BOOTH_FREDERICK,Mas,7,1917,The Artist,mas0376.txt,9,9,Added
SLATER_MARY,Mas,7,1917,When spring comes up the April hill,mas0377.txt,9,9,
SMITH_HARRY_DUGDALE,Mas,7,1917,A provider,mas0378.txt,9,9,
DIVINE_CHARLES,Mas,7,1917,Indecision,mas0379.txt,9,9,
R_M,Mas,7,1917, Intellectual inhibition,mas0380.txt,9,9,
RIVOLA_FLORA,Mas,7,1917,The Mothers meeting,mas0381.txt,9,9,
HALL_HAZEL,Mas,7,1917,The Flowering,mas0382.txt,9,9,
HALL_HAZEL,Mas,7,1917,Later spring,mas0383.txt,9,9,
BARNARD_SEYMOUR,Mas,7,1917, On a workman asleep in a subway train,mas0384.txt,9,9,
HOWE_HERBERT,Mas,7,1917,Ravens,mas0385.txt,9,9,
WENCLAW_RUZA,Mas,7,1917,Hills,mas0386.txt,9,9,
EASTMAN_MAX,Mas,7,1917,A Dune sonnet,mas0387.txt,9,9,
SMITH_J,Mas,7,1917,What do I know of the war?,mas0388.txt,9,9,
GANETT_LOUISE,Mas,7,1917,The Unbroken march,mas0389.txt,9,9,
FIELD_MARY,Mas,7,1913,Tis of Thee,mas0390.txt,4,10,Added
SCRATCHOWSKI_DANTE,Mas,7,1913,The Double-Twisted Crab,mas0391.txt,4,10,Added
F_M,Mas,7,1913,Mother Gooselet,mas0392.txt,4,10,Added
UNTERMEYER_LOUIS,Mas,7,1913,Any City,mas0393.txt,4,10,Added
REED_JOHN,Mas,7,1913,A Farmer's Woman,mas0394.txt,4,10,Added
WADDELL_ELIZABETH,Mas,7,1914,Horses!,mas0395.txt,5,10,Added
DAVIES_MARY,Mas,7,1914,When the Seventeen Came Home,mas0396.txt,5,10,Added
BOYTON_W,Mas,7,1915, British half and half,mas0397.txt,6,10,
McKENNA_EDMOND,Mas,7,1915,In the outer sanctum,mas0398.txt,6,10,
BENET_WILLIAM,Mas,7,1915,The Emotionalist,mas0399.txt,6,10,
PATTON_MARGARET,Mas,7,1915,Needle travel,mas0400.txt,6,10,
WILSON_HELEN,Mas,8,1916, From a statistical clerk,mas0401.txt,8,10,
WADDELL_ELIZABETH,Mas,8,1916,The Tenant farmer,mas0402.txt,8,10,
UNTERMEYER_LOUIS,Mas,8,1916,To England,mas0403.txt,8,10,
HOYT_HELEN,Mas,8,1916,Golden bough,mas0404.txt,8,10,
HOYT_HELEN,Mas,8,1916,In the Art Institute,mas0405.txt,8,10,
HOYT_HELEN,Mas,8,1916,Flirtation,mas0406.txt,8,10,
HOYT_HELEN,Mas,8,1916,Gratitude,mas0407.txt,8,10,
HOYT_HELEN,Mas,8,1916,Ravelling,mas0408.txt,8,10,
HOYT_HELEN,Mas,8,1916,Finis,mas0409.txt,8,10,
GIOVANNITTI_ARTURO,Mas,8,1916, The Day of the war June 20,mas0410.txt,8,10,
JENNINGS_LESLIE,Mas,8,1917,Highways,mas0411.txt,9,10,
WATTLES_WILLARD,Mas,8,1917,Gray old mother,mas0412.txt,9,10,
EASTMAN_MAX,Mas,8,1917,The Lonely bather,mas0413.txt,9,10,
WYNNE_ANNETTE,Mas,8,1917,O its joy to sing with the hair flung free,mas0414.txt,9,10,
GIBSON_LYDIA,Mas,8,1917,Silent,mas0415.txt,9,10,Added
GIBSON_LYDIA,Mas,8,1917, On a hill,mas0416.txt,9,10,
GIBSON_LYDIA,Mas,8,1917, A River in drought,mas0417.txt,9,10,
GIBSON_LYDIA,Mas,8,1917, A Handful of Sand,mas0418.txt,9,10,Added
GIBSON_LYDIA,Mas,8,1917, Dust of dreams,mas0419.txt,9,10,
GIBSON_LYDIA,Mas,8,1917, A Grove,mas0420.txt,9,10,
GIBSON_LYDIA,Mas,8,1917, Not Years,mas0421.txt,9,10,
BELL_JOSEPHINE,Mas,8,1917,A Tribute,mas0422.txt,9,10,
HIRES_HARRISON,Mas,8,1917, The Benefactor,mas0423.txt,9,10,
UNTERMEYER_LOUIS,Mas,8,1917,Ishmael,mas0424.txt,9,10,
WADDELL_ELIZABETH,Mas,8,1917,Making a safe,mas0425.txt,9,10,
BUCK_HOWARD,Mas,8,1917,Of a night,mas0426.txt,9,10,
F,Mas,8,1917,To R.A.,mas0427.txt,9,10,
SNOW_JANE,Mas,8,1917,A Society woman,mas0428.txt,9,10,
SNOW_JANE,Mas,8,1917, A Childless wife,mas0429.txt,9,10,
SNOW_JANE,Mas,8,1917,A Suffragist,mas0430.txt,9,10,
SNOW_JANE,Mas,8,1917,A Mother,mas0431.txt,9,10,
CORLISS_FRANK,Mas,8,1917, Spirit roads,mas0432.txt,9,10,
DIVINE_CHARLES,Mas,8,1917,The Autobiography of a small town girl,mas0433.txt,9,10,
MASTIN_FLORENCE,Mas,8,1917,To One Loved,mas0434.txt,9,10,Reprinted in 10.1
EATON_JEANETTE,Mas,8,1917, Rebellion,mas0435.txt,9,10,
MIXTER_FLORENCE,Mas,8,1917,A Greek coffee house,mas0436.txt,9,10,
KAUFFMAN_REGINALD,Mas,11,1911,God's War,mas0437.txt,1,11,Added
McNALLY_JAMES,Mas,11,1911,Unforgiving,mas0438.txt,1,11,Added
UNTERMEYER_LOUIS,Mas,8,1913,God's Youth,mas0439.txt,4,11,Added
WINSLOW_HORATIO,Mas,8,1913,Damned,mas0440.txt,4,11,Added
HERFORD_WILL,Mas,8,1913,Welfare Song,mas0441.txt,4,11,Added
BYNNER_WITTER,Mas,8,1914,God's Acre,mas0442.txt,5,11,Added
GRANNICH_IRWIN,Mas,8,1914,The Three Whose Hatred Killed Them,mas0443.txt,5,11,Added
UNTERMEYER_LOUIS,Mas,8,1914,Decoration Day,mas0444.txt,5,11,Added
OPPENHEIM_JAMES,Mas,8,1914,Priests,mas0445.txt,5,11,Added
OPPENHEIM_JAMES,Mas,8,1914,Civilization,mas0446.txt,5,11,Added
OPPENHEIM_JAMES,Mas,8,1914,Tasting the Earth,mas0447.txt,5,11,Added
OPPENHEIM_JAMES,Mas,8,1914,The Runner in the Skies,mas0448.txt,5,11,Added
WOOD_CLEMENT,Mas,8,1914,Song of the Free Poet,mas0449.txt,5,11,Added
ANONYMOUS,Mas,8,1914,Verdicts,mas0450.txt,5,11,Added - No Author
BLAND_RICHARD,Mas,8,1914,The Plain Clothes Man Speaks,mas0451.txt,5,11,Added
McKENNA_EDMOND,Mas,8,1914,Civilization,mas0452.txt,5,11,Added
BROWN_EDMUND,Mas,8,1914,Haggerty,mas0453.txt,5,11,Added
ANONYMOUS,Mas,8,1915,Song of the American Neutral,mas0454.txt,6,11,Added - No Author
WILKINSON_MARGUERITE,Mas,8,1915,The Old maid and the violet vendor,mas0455.txt,6,11,
UNTERMEYER_LOUIS,Mas,8,1915,The Dead horse,mas0456.txt,6,11,
UNTERMEYER_LOUIS,Mas,8,1915,Portrait of a jewelry drummer,mas0457.txt,6,11,
UNTERMEYER_LOUIS,Mas,8,1915,Portrait of an American,mas0458.txt,6,11,
UNTERMEYER_LOUIS,Mas,8,1915,To a gentleman reformer,mas0459.txt,6,11,
ANONYMOUS,Mas,8,1915,"""Seek. . . """,mas0460.txt,6,11,Added - No Author
WIDDEMER_MARGARET,Mas,8,1915,War-march,mas0461.txt,6,11,
ROSSNER_OSCAR,Mas,8,1915, To a dancing child,mas0462.txt,6,11,
UNTERMEYER_JEAN,Mas,9,1916,Moon-Rise,mas0463.txt,8,11,Added
UNTERMEYER_JEAN,Mas,9,1916,Sonya,mas0464.txt,8,11,Added
UNTERMEYER_JEAN,Mas,9,1916,The Potteries,mas0465.txt,8,11,
HOWE_HERBERT,Mas,9,1916,The Cherry tree,mas0466.txt,8,11,
LAWSON_W,Mas,9,1916, A Voice,mas0467.txt,8,11,
GIBSON_LYDIA,Mas,9,1916, The Coming,mas0468.txt,8,11,
BRYANT_LOUISE,Mas,9,1916,A Wish,mas0469.txt,8,11,
BARSTOW_VIRGINIA,Mas,9,1916,Nocturne,mas0470.txt,8,11,
BYNNER_WITTER,Mas,9,1916, Worlds end,mas0471.txt,8,11,
EASTMAN_MAX,Mas,9,1916,A Chicago portrait,mas0472.txt,8,11,
EASTMAN_MAX,Mas,9,1916,Car window,mas0473.txt,8,11,
EASTMAN_MAX,Mas,9,1916,Provincetown,mas0474.txt,8,11,
EASTMAN_MAX,Mas,9,1916,Painting,mas0475.txt,8,11,
EASTMAN_MAX,Mas,9,1916,Kansas,mas0476.txt,8,11,
EASTMAN_MAX,Mas,9,1916,To love,mas0477.txt,8,11,
GIBSON_LYDIA,Mas,9,1916, Green Seas,mas0478.txt,8,11,
WATTLES_WILLARD,Mas,9,1917,Young lads first,mas0479.txt,9,11,
FLEXNER_HORTENSE,Mas,9,1917,Hunger,mas0480.txt,9,11,
JENNINGS_LESLIE,Mas,9,1917,The Wind of death,mas0481.txt,9,11,
EASTMAN_MAX,Mas,9,1917,Sea-Horse,mas0482.txt,9,11,Added
WYNNE_ANNETTE,Mas,9,1917,Her veins are lit with strange desire,mas0483.txt,9,11,
UNTERMEYER_LOUIS,Mas,9,1917,Battle hymn of the Russian Republic,mas0484.txt,9,11,
MAYER_EDWIN,Mas,9,1917,Sonnet,mas0485.txt,9,11,Reprinted in 10.1
ROBINSON_ELOISE,Mas,9,1917,Sweat-shop flowers,mas0486.txt,9,11,
SHAW_FRANCES,Mas,9,1917,Broadway at night,mas0487.txt,9,11,
WADDELL_ELIZABETH,Mas,9,1917,For lyric labor,mas0488.txt,9,11,
ZARD_CLAIRE,Mas,9,1917, Comfortable,mas0489.txt,9,11,
P_E,Mas,9,1917, Red Cross,mas0490.txt,9,11,
EISENBURGH_JULIA,Mas,9,1917, The Professors,mas0491.txt,9,11,
WHITSETT_GEORGE,Mas,9,1917, Freedom,mas0492.txt,9,11,
McDOUGAL_MARY,Mas,9,1917,"Mary, Who Must Die, To Her Body",mas0493.txt,9,11,Added
APOTHEKER_NAN,Mas,9,1917,In the Hallway,mas0494.txt,9,11,Added
F,Mas,9,1917,To Susan B. Anthony,mas0495.txt,9,11,Added
F,Mas,9,1917,The Scare-Crow,mas0496.txt,9,11,Added
S_E,Mas,9,1917,To a Schoolmistress,mas0497.txt,9,11,Added
SHANNON_JAMES,Mas,9,1917, Hands,mas0498.txt,9,11,
FIELD_RACHEL,Mas,9,1917, Desires,mas0499.txt,9,11,
HETZEL_MARGARET,Mas,9,1917,The Fool,mas0500.txt,9,11,
ARNOLD_ANNE,Mas,9,1917,Spring,mas0501.txt,9,11,
JOHNS_PEGGY,Mas,9,1917, Trilium,mas0502.txt,9,11,
CLINE_LEONARD,Mas,9,1917,To MacDowell,mas0503.txt,9,11,
HENDERSON_ROSE,Mas,9,1917, Earth and stars,mas0504.txt,9,11,
HOLIDAY_CARL,Mas,12,1911,The Brother-Cry,mas0505.txt,1,12,Added
JULIUS_EMANUEL,Mas,12,1911,Um-Yum,mas0506.txt,1,12,Added
KEMP_HARRY,Mas,9,1913,The War They Never Fought,mas0507.txt,4,12,Added
FLEXNER_HORTENSE,Mas,9,1913,The Fire-Watchers,mas0508.txt,4,12,Added
HALL_BOLTON,Mas,9,1914,Laugh it Off,mas0509.txt,5,12,Added
TIETJENS_EUNICE,Mas,9,1914,The Drug Clerk,mas0510.txt,5,12,Added
KEMP_HARRY,Mas,9,1914,Rockaway Beach,mas0511.txt,5,12,Added
ENDICOFF_MAX,Mas,9,1914,The Smokers,mas0512.txt,5,12,Added
WADDELL_ELIZABETH,Mas,9,1915,The First gun,mas0513.txt,6,12,
WOOD_CLEMENT,Mas,9,1915,The Star-bees,mas0514.txt,6,12,
SANDBURG_CARL,Mas,9,1915,To Billy Sunday,mas0515.txt,6,12,
HOYT_HELEN,Mas,9,1915,Weather,mas0516.txt,6,12,
HOYT_HELEN,Mas,9,1915,Living,mas0517.txt,6,12,Added
HOYT_HELEN,Mas,9,1915,Menaia,mas0518.txt,6,12,
HOYT_HELEN,Mas,9,1915,Return,mas0519.txt,6,12,
HOYT_HELEN,Mas,9,1915,Comparison,mas0520.txt,6,12,
HOYT_HELEN,Mas,9,1915,Time ,mas0521.txt,6,12,Added
HOYT_HELEN,Mas,9,1915,To Love on Feelings Its Approach,mas0522.txt,6,12,Added
UNTERMEYER_LOUIS,Mas,10,1916,The Sleepers,mas0523.txt,8,12,
EASTMAN_MAX,Mas,10,1916,The Sun,mas0524.txt,8,12,
WINSLOW_ROSE,Mas,10,1916, Fire-bird,mas0525.txt,8,12,
ENDICOFF_MAX,Mas,10,1916,  The Gold-sprayed voice of the people,mas0526.txt,8,12,
BRYANT_LOUISE,Mas,10,1916,Beach grass,mas0527.txt,8,12,
BRYANT_LOUISE,Mas,10,1916, As it,mas0528.txt,8,12,
BRYANT_LOUISE,Mas,10,1916,Mountains,mas0529.txt,8,12,
BRYANT_LOUISE,Mas,10,1916,To a swimmer,mas0530.txt,8,12,
BRYANT_LOUISE,Mas,10,1916,Empty,mas0531.txt,8,12,
BRYANT_LOUISE,Mas,10,1916,O thou,mas0532.txt,8,12,
ALDIS_MARY,Mas,10,1916,Words,mas0533.txt,8,12,
SHANAFELT_CLARA,Mas,10,1916,Release,mas0534.txt,8,12,
D_M,Mas,10,1916,Two contentments,mas0535.txt,8,12,
RICE_FREDERICK,Mas,10,1916, You,mas0536.txt,8,12,
UNTERMEYER_JEAN,Mas,10,1916,The Summons,mas0537.txt,8,12,
UNTERMEYER_JEAN,Mas,10,1916,Zanesville,mas0538.txt,8,12,
GIBSON_LYDIA,Mas,10,1916, A Portrait,mas0539.txt,8,12,
EASTMAN_MAX,Mas,10,1917,Rainy song,mas0540.txt,9,12,
BERRINGTON_EMILIA,Mas,10,1917,Sorrow,mas0541.txt,9,12,
MAYER_EDWIN,Mas,10,1917,Sonnet,mas0542.txt,9,12,
SEIFFERT_MARJORIE,Mas,10,1917,Rain,mas0543.txt,9,12,
DIVINE_CHARLES,Mas,10,1917,"Oh, little moonlit hill",mas0544.txt,9,12,
GIOVANNITTI_ARTURO,Mas,10,1917,When the cock crows,mas0545.txt,9,12,
GAY_DOROTHEA,Mas,10,1917,Trees,mas0546.txt,9,12,
SLOAN_J,Mas,10,1917,Lee crystal,mas0547.txt,9,12,
ROBERTS_WALTER,Mas,10,1917,Ballade of the fourth year of the war,mas0548.txt,9,12,
CARTER_ELIZABETH,Mas,10,1917, Mnemonian wind,mas0549.txt,9,12,
CROCKER_DONALD,Mas,10,1917,I.W.W.,mas0550.txt,9,12,
DANFORTH_ROY,Mas,10,1917, Sister of mine,mas0551.txt,9,12,
GARNETT_LOUISE,Mas,10,1917,Keeping cool,mas0552.txt,9,12,
REPS_PAUL,Mas,10,1917, Once in a blue blue moon,mas0553.txt,9,12,
CARREL_MORTON,Mas,10,1917,The Scullion,mas0554.txt,9,12,
VEDDER_MIRIAM,Mas,10,1917,Pins,mas0555.txt,9,12,Added
DE_PUE_ELVA,Mas,10,1917,The Foolish virgin lights her lamp,mas0556.txt,9,12,
SIMMONS_LAURA,Mas,10,1917,Blades of Grass,mas0557.txt,9,12,Added
GIBSON_LYDIA,Mas,10,1917,Enchant Our Eyes,mas0558.txt,9,12,Added
WATTLES_WILLARD,Mas,11,1917,Prayer for Annihilation,mas0559.txt,10,1,Added
EASTMAN_MAX,Mas,11,1917,Autumn Light,mas0560.txt,10,1,Added
SEIFFERT_MARJORIE,Mas,11,1917,The Bridge,mas0561.txt,10,1,Added
AMIDON_BEULAH,Mas,11,1917,In a Souther Garden,mas0562.txt,10,1,Added
GARNETT_LOUISE,Mas,11,1917,When Sleeping Shall Mine Eyelids Close,mas0563.txt,10,1,Added
UNTERMEYER_LOUIS,Mas,11,1917,Portrait of a Friend,mas0564.txt,10,1,Added
FLEXNER_HORTENSE,Mas,11,1917,Above the Hill,mas0565.txt,10,1,Added
DEUTSCH_BABETTE,Mas,11,1917,"""Extra""",mas0566.txt,10,1,Added
WYNNE_ANNETTE,Mas,11,1917,Love Need Not have Nothing Else to Do,mas0567.txt,10,1,Added
KLINE_LEONARD,Mas,11,1917,On the Roof,mas0568.txt,10,1,Added
BARNARD_SEYMOUR,Mas,11,1917,On Reading the New Republic,mas0569.txt,10,1,Added
DOWD_HARRISON,Mas,11,1917,Breathless,mas0570.txt,10,1,Added
RICHARDS_ALICE,Mas,11,1917,The Lips of My Lover,mas0571.txt,10,1,Added
BACON_RALPH,Mas,11,1917,Any Man to Any God,mas0572.txt,10,1,Added
WAITE_ETHEL,Mas,11,1917,Your Eyes,mas0573.txt,10,1,Added
BARR_NANN,Mas,11,1917,You,mas0574.txt,10,1,Added
SABEL_MARX,Mas,11,1917,Reward on Earth,mas0575.txt,10,1,Added
GLAENZER_RICHARD,Mas,11,1917,The Harvest Moon,mas0576.txt,10,1,Added
SCHUYLER_MARGARETTA,Mas,11,1917,Sea Moths,mas0577.txt,10,1,Added
EGRI_LAJOS,Mas,11,1917,The Kiss,mas0578.txt,10,1,Added
GINSBERG_LOUIS,Mas,11,1917,I Am Afraid to Face the Spring,mas0579.txt,10,1,Added
HENKE_MARY,Mas,11,1917,Brother of Poets,mas0580.txt,10,1,Added
UNDERHILL_RUTH,Mas,11,1917,Patriotic Song No. 689,mas0581.txt,10,1,Added
COATSWORTH_ELIZABETH,Mas,11,1917,The Coolie Ship,mas0582.txt,10,1,Added
TRUE_RUTH,Mas,11,1917,Little Daughter of the Streets,mas0583.txt,10,1,Added
WARD_LIZZIE,Mas,11,1917,Contradictions,mas0584.txt,10,1,Added
HENDERSON_ROSE,Mas,11,1917,In a Class Room,mas0585.txt,10,1,Added
SCHUYLER_MARGARETTA,Mas,11,1917,Enchantment,mas0586.txt,10,1,Added
DOWD_HARRISON,Mas,11,1917,Song of Vanity,mas0587.txt,10,1,Added
MacMILLAN_MARY,Mas,11,1917,The Family Pew,mas0588.txt,10,1,Added
BARR_NANN,Mas,11,1917,The Marsh,mas0589.txt,10,1,Added
HOLBROOK_WEARE,Mas,11,1917,The Lucky Man,mas0590.txt,10,1,Added
SANGSTER_MARGARET,Mas,11,1917,Proportionately,mas0591.txt,10,1,Added
HOYT_HELEN,Lib,4,1917,Miss Smith,,,,
HOYT_HELEN,Lib,4,1917,Sparrows,,,,
BARR_NANN,Lib,3,1918, The Marsh,,,,
CLINE_LEONARD,Lib,3,1918,On the roof,,,,
COATSWORTH_ELIZABETH,Lib,3,1918,The Coolie ship,,,,
EASTMAN_MAX,Lib,3,1918,Isadora Duncan,,,,
MacMILLAN_MARY,Lib,3,1918,The Family pew,,,,
SCHUYLER_MARGARETTA,Lib,3,1918,Sea myths,,,,
TRUE_RUTH,Lib,3,1918,Little daughter of the streets,,,,
UNTERMEYER_JEAN,Lib,3,1918,Church sociable,,,,
UNTERMEYER_LOUIS,Lib,3,1918,The Pilgrimage,,,,
UNTERMEYER_LOUIS,Lib,3,1918,Windy days,,,,
WYNNE_ANNETTE,Lib,3,1918,Love need not have nothing else to do,,,,
AMIDON_BEULAH,Lib,4,1918,In a southern garden,,,,
EASTMAN_MAX,Lib,4,1918,Eyes,,,,
EASTMAN_MAX,Lib,4,1918,Those you dined with,,,,
FLEXNER_HORTENSE,Lib,4,1918, Above the hill,,,,
HENDERSON_ROSE,Lib,4,1918,When war came,,,,
HOYT_HELEN,Lib,4,1918,Patience,,,,
PEARSON_RUTH,Lib,4,1918, To Woodrow Wilson,,,,
PECK_KATHRYN,Lib,4,1918,In the day nursery,,,,
PICKERING_RUTH,Lib,4,1918, Davis,,,,
STORR_JOHN,Lib,4,1918, Music,,,,
WYNNE_ANNETTE,Lib,4,1918,A Fiddle is a strange thing,,,,
WYNNE_ANNETTE,Lib,4,1918,Crucified,,,,
AMIDON_BEULAH,Lib,5,1918,To an aviator,,,,
ASHLEIGH_CHARLES,Lib,5,1918, Night in prison,,,,
DELL_FLOYD,Lib,5,1918,On reading the poems of Edna St. Vincent Millay,,,,
EASTMAN_MAX,Lib,5,1918, Anniversary,,,,
MASTIN_FLORENCE,Lib,5,1918,Shadows on Bedford Hill,,,,
TURNER_LIZINKA,Lib,5,1918, Distinguo,,,,
UNTERMEYER_LOUIS,Lib,5,1918,A Derelict,,,,
UNTERMEYER_LOUIS,Lib,5,1918,Habit,,,,
UNTERMEYER_LOUIS,Lib,5,1918,Picnic on the grass,,,,
WOOD_CLEMENT,Lib,5,1918,Into green pastures,,,,
WOOD_CLEMENT,Lib,5,1918,Love the devourer,,,,
WYNNE_ANNETTE,Lib,5,1918,Play,,,,
BOWEN_STIRLING,Lib,6,1918,Home from Arras,,,,
EASTMAN_MAX,Lib,6,1918,In my room,,,,
ENDICOFF_MAX,Lib,6,1918,The Veteran,,,,
GAY_DOROTHEA,Lib,6,1918, Constrained,,,,
GILBERT_MORRIS,Lib,6,1918,   Wheels,,,,
GOODYEAR_ROSALIE,Lib,6,1918, Beloved madness,,,,
JENNINGS_LESLIE,Lib,6,1918,Castlebar,,,,
UNTERMEYER_LOUIS,Lib,6,1918, Advice,,,,
UNTERMEYER_LOUIS,Lib,6,1918,The Score board,,,,
DEUTSCH_BABETTE,Lib,7,1918,The Silver chord,,,,
EASTMAN_MAX,Lib,7,1918,Fire and water,,,,
HALL_HAZEL,Lib,7,1918,The Still return,,,,
HAWTHORNE_HAZEL,Lib,7,1918, Fifteen years old,,,,
IRWIN_INEZ,Lib,7,1918, Singing in Paris - 1917,,,,
SCHNEIDER_PAULINE,Lib,7,1918, An Old woman in spring,,,,
STACKHOUSE_ELSIE,Lib,7,1918, Bells,,,,
STACKHOUSE_ELSIE,Lib,7,1918,Brick pathway,,,,
STACKHOUSE_ELSIE,Lib,7,1918,My garden,,,,
STACKHOUSE_ELSIE,Lib,7,1918,Pipes,,,,
STACKHOUSE_ELSIE,Lib,7,1918,Playtime,,,,
STACKHOUSE_ELSIE,Lib,7,1918,Wishes,,,,
BOWEN_STIRLING,Lib,8,1918,Summer pools,,,,
EASTMAN_MAX,Lib,8,1918,To Marie Sukloff - an assassin,,,,
JOHNSON_FENTON,Lib,8,1918,Rulers,,,,
JOHNSON_FENTON,Lib,8,1918,The Cotton picker,,,,
JOHNSON_FENTON,Lib,8,1918,The Sunset,,,,
UNTERMEYER_LOUIS,Lib,8,1918,On the field of honor,,,,
WYNNE_ANNETTE,Lib,8,1918,A Little song,,,,
DELL_FLOYD,Lib,10,1918,Two sonnets,,,,
DEUTSCH_BABETTE,Lib,10,1918,Severance,,,,
EASTMAN_MAX,Lib,10,1918,A Praiseful complaint,,,,
EASTMAN_MAX,Lib,10,1918,X Rays,,,,
GIRASCH_PAUL,Lib,10,1918, The Wall,,,,
GORMAN_HERBERT,Lib,10,1918, The Lost heart,,,,
HALL_HAZEL,Lib,10,1918,Smiling,,,,
HENDERSON_ROSE,Lib,10,1918,Faces,,,,
HOYT_HELEN,Lib,10,1918,Unity,,,,
UNTERMEYER_JEAN,Lib,10,1918,Spring,,,,
EASTMAN_MAX,Lib,11,1918,A Morning,,,,
EASTMAN_MAX,Lib,11,1918,To Nicolai Lenin,,,,
HERENDEEN_ANNE,Lib,11,1918,R.T.P.,,,,
HOPKINS_ERNEST,Lib,11,1918, Redemption,,,,
JENNINGS_LESLIE,Lib,11,1918,Old men hoeing,,,,
STACKHOUSE_ELSIE,Lib,11,1918,Words,,,,
WELLES_WINIFRED,Lib,11,1918,Humiliation,,,,
WOOD_CLEMENT,Lib,11,1918, Alien,,,,
BODENHEIM_MAXWELL,Lib,6,1919,  Comparison,,,,
BOWEN_STIRLING,Lib,6,1919,Octave,,,,
DARGAN_OLIVE,Lib,6,1919,Home,,,,
GIBSON_LYDIA,Lib,6,1919, Intimacy,,,,
JOHN_ETHEL,Lib,6,1919, Hidden fires,,,,
NORMILE_F,Lib,6,1919,Morgot,,,,
SASSOON_SIEGFRIED,Lib,6,1919,Night on the convoy,,,,
TREE_IRIS,Lib,6,1919,Sonnet,,,,
UNTERMEYER_LOUIS,Lib,6,1919,Insurrection in April,,,,
BENNETT_GEORGIA,Lib,7,1919, Apart,,,,
GIBSON_LYDIA,Lib,7,1919, Awakening,,,,
McKAY_CLAUDE,Lib,7,1919,After the winters,,,,
McKAY_CLAUDE,Lib,7,1919,A Capitalist at dinner,,,,
McKAY_CLAUDE,Lib,7,1919,A Roman holiday,,,,
McKAY_CLAUDE,Lib,7,1919,If we must die,,,,
McKAY_CLAUDE,Lib,7,1919,The Barrier,,,,
McKAY_CLAUDE,Lib,7,1919,The Little peoples,,,,
McKAY_CLAUDE,Lib,7,1919,The Negro dancers,,,,
NORMILE_F,Lib,7,1919, Conquest,,,,
NORMILE_F,Lib,7,1919,Depths,,,,
TUCKER_IRWIN,Lib,7,1919, In an art museum,,,,
VAN_SYYKE,Lib,7,1919,If earth receives my soul again,,,,
WENTWORTH_C,Lib,7,1919,Youth,,,,
WYNNE_ANNETTE,Lib,7,1919,To my enemy,,,,
